-- jamypg meta schema as text2sql target (MySQL/MariaDB). Auto-generated by gen_testenv.py.

-- The database is named `public` so schema-qualified SQL matches PostgreSQL.

CREATE DATABASE IF NOT EXISTS public;

USE public;

CREATE TABLE IF NOT EXISTS jamypg_users (
	id VARCHAR(64) NOT NULL,
	username VARCHAR(128) NOT NULL,
	display_name VARCHAR(256) NOT NULL,
	email VARCHAR(256) NOT NULL,
	password_hash VARCHAR(256),
	role VARCHAR(16) NOT NULL,
	provider VARCHAR(16) NOT NULL,
	provider_subject VARCHAR(256),
	is_active BOOLEAN NOT NULL,
	created_at DATETIME NOT NULL,
	updated_at DATETIME NOT NULL,
	last_login_at DATETIME NULL,
	PRIMARY KEY (id)
);

CREATE TABLE IF NOT EXISTS jamypg_sessions (
	token_hash VARCHAR(128) NOT NULL,
	user_id VARCHAR(64) NOT NULL,
	created_at DATETIME NOT NULL,
	expires_at DATETIME,
	ip VARCHAR(64) NOT NULL,
	user_agent VARCHAR(512) NOT NULL,
	revoked_at DATETIME NULL,
	PRIMARY KEY (token_hash)
);

CREATE TABLE IF NOT EXISTS jamypg_mcp_keys (
	id VARCHAR(64) NOT NULL,
	user_id VARCHAR(64) NOT NULL,
	name VARCHAR(128) NOT NULL,
	key_hash VARCHAR(128) NOT NULL,
	key_prefix VARCHAR(16) NOT NULL,
	created_at DATETIME NOT NULL,
	expires_at DATETIME NULL,
	last_used_at DATETIME NULL,
	revoked_at DATETIME NULL,
	rotated_from VARCHAR(64) NOT NULL,
	PRIMARY KEY (id)
);

CREATE TABLE IF NOT EXISTS jamypg_db_profiles (
	id VARCHAR(64) NOT NULL,
	owner_id VARCHAR(64) NOT NULL,
	definition JSON NOT NULL,
	visibility VARCHAR(16) NOT NULL,
	created_at DATETIME NOT NULL,
	updated_at DATETIME NOT NULL,
	PRIMARY KEY (id)
);

CREATE TABLE IF NOT EXISTS jamypg_profile_grants (
	profile_id VARCHAR(64) NOT NULL,
	user_id VARCHAR(64) NOT NULL,
	permission VARCHAR(16) NOT NULL,
	granted_by VARCHAR(64) NOT NULL,
	granted_at DATETIME NOT NULL,
	PRIMARY KEY (profile_id, user_id)
);

CREATE TABLE IF NOT EXISTS jamypg_settings (
	`key` VARCHAR(128) NOT NULL,
	`value` VARCHAR(2048) NOT NULL,
	updated_by VARCHAR(64) NOT NULL,
	updated_at DATETIME NOT NULL,
	PRIMARY KEY (`key`)
);

CREATE TABLE IF NOT EXISTS jamypg_mcp_activity (
	id VARCHAR(64) NOT NULL,
	created_at DATETIME NOT NULL,
	user_id VARCHAR(64) NOT NULL,
	username VARCHAR(128) NOT NULL,
	session_id VARCHAR(64) NOT NULL,
	tool VARCHAR(64) NOT NULL,
	kind VARCHAR(32) NOT NULL,
	prompt VARCHAR(2048) NOT NULL,
	sql_text VARCHAR(4096) NOT NULL,
	profile VARCHAR(64) NOT NULL,
	status VARCHAR(16) NOT NULL,
	row_count INT NOT NULL,
	elapsed_ms BIGINT NOT NULL,
	params JSON NULL,
	PRIMARY KEY (id)
);

INSERT INTO public.jamypg_users (id, username, display_name, email, password_hash, role, provider, provider_subject, is_active, created_at, updated_at, last_login_at) VALUES ('u01', 'admin', '관리자', 'admin@example.com', 'xxxxxxxx', 'admin', 'local', NULL, TRUE, '2026-01-05 09:00:00', '2026-01-05 09:00:00', '2026-07-09 08:30:00');
INSERT INTO public.jamypg_users (id, username, display_name, email, password_hash, role, provider, provider_subject, is_active, created_at, updated_at, last_login_at) VALUES ('u02', 'hkjang', '장현규', 'hkjang@example.com', 'xxxxxxxx', 'admin', 'local', NULL, TRUE, '2026-01-10 10:00:00', '2026-01-10 10:00:00', '2026-07-08 18:10:00');
INSERT INTO public.jamypg_users (id, username, display_name, email, password_hash, role, provider, provider_subject, is_active, created_at, updated_at, last_login_at) VALUES ('u03', 'mkim', '김민지', 'mkim@example.com', 'xxxxxxxx', 'user', 'local', NULL, TRUE, '2026-02-01 11:00:00', '2026-02-01 11:00:00', '2026-07-09 09:12:00');
INSERT INTO public.jamypg_users (id, username, display_name, email, password_hash, role, provider, provider_subject, is_active, created_at, updated_at, last_login_at) VALUES ('u04', 'jlee', '이준호', 'jlee@example.com', 'xxxxxxxx', 'user', 'local', NULL, TRUE, '2026-02-15 14:00:00', '2026-02-15 14:00:00', '2026-07-07 16:40:00');
INSERT INTO public.jamypg_users (id, username, display_name, email, password_hash, role, provider, provider_subject, is_active, created_at, updated_at, last_login_at) VALUES ('u05', 'spark', '박서연', 'spark@example.com', 'xxxxxxxx', 'user', 'keycloak', 'spark', TRUE, '2026-03-02 09:30:00', '2026-03-02 09:30:00', '2026-07-06 11:05:00');
INSERT INTO public.jamypg_users (id, username, display_name, email, password_hash, role, provider, provider_subject, is_active, created_at, updated_at, last_login_at) VALUES ('u06', 'ychoi', '최유진', 'ychoi@example.com', 'xxxxxxxx', 'user', 'keycloak', 'ychoi', TRUE, '2026-03-20 13:00:00', '2026-03-20 13:00:00', '2026-07-01 10:00:00');
INSERT INTO public.jamypg_users (id, username, display_name, email, password_hash, role, provider, provider_subject, is_active, created_at, updated_at, last_login_at) VALUES ('u07', 'dkang', '강도현', 'dkang@example.com', 'xxxxxxxx', 'user', 'local', NULL, TRUE, '2026-04-11 15:00:00', '2026-04-11 15:00:00', NULL);
INSERT INTO public.jamypg_users (id, username, display_name, email, password_hash, role, provider, provider_subject, is_active, created_at, updated_at, last_login_at) VALUES ('u08', 'hjeon', '전하윤', 'hjeon@example.com', 'xxxxxxxx', 'user', 'local', NULL, TRUE, '2026-05-06 10:20:00', '2026-05-06 10:20:00', '2026-06-28 09:00:00');
INSERT INTO public.jamypg_users (id, username, display_name, email, password_hash, role, provider, provider_subject, is_active, created_at, updated_at, last_login_at) VALUES ('u09', 'retired1', '퇴직자1', 'retired1@example.com', 'xxxxxxxx', 'user', 'local', NULL, FALSE, '2026-01-20 09:00:00', '2026-01-20 09:00:00', '2026-03-31 17:00:00');
INSERT INTO public.jamypg_users (id, username, display_name, email, password_hash, role, provider, provider_subject, is_active, created_at, updated_at, last_login_at) VALUES ('u10', 'retired2', '퇴직자2', 'retired2@example.com', 'xxxxxxxx', 'user', 'local', NULL, FALSE, '2026-02-25 09:00:00', '2026-02-25 09:00:00', '2026-04-15 12:00:00');
INSERT INTO public.jamypg_sessions (token_hash, user_id, created_at, expires_at, ip, user_agent, revoked_at) VALUES ('hash-s01', 'u01', '2026-07-09 08:30:00', '2026-07-16 08:30:00', '10.0.0.11', 'Mozilla/5.0', NULL);
INSERT INTO public.jamypg_sessions (token_hash, user_id, created_at, expires_at, ip, user_agent, revoked_at) VALUES ('hash-s02', 'u02', '2026-07-08 18:10:00', '2026-07-15 18:10:00', '10.0.0.12', 'Mozilla/5.0', NULL);
INSERT INTO public.jamypg_sessions (token_hash, user_id, created_at, expires_at, ip, user_agent, revoked_at) VALUES ('hash-s03', 'u03', '2026-07-09 09:12:00', '2026-07-16 09:12:00', '10.0.0.13', 'Mozilla/5.0', NULL);
INSERT INTO public.jamypg_sessions (token_hash, user_id, created_at, expires_at, ip, user_agent, revoked_at) VALUES ('hash-s04', 'u04', '2026-07-07 16:40:00', '2026-07-14 16:40:00', '10.0.0.14', 'Mozilla/5.0', NULL);
INSERT INTO public.jamypg_sessions (token_hash, user_id, created_at, expires_at, ip, user_agent, revoked_at) VALUES ('hash-s05', 'u05', '2026-07-06 11:05:00', '2026-07-13 11:05:00', '10.0.0.15', 'Mozilla/5.0', NULL);
INSERT INTO public.jamypg_sessions (token_hash, user_id, created_at, expires_at, ip, user_agent, revoked_at) VALUES ('hash-s06', 'u06', '2026-07-01 10:00:00', '2026-07-08 10:00:00', '10.0.0.16', 'Mozilla/5.0', NULL);
INSERT INTO public.jamypg_sessions (token_hash, user_id, created_at, expires_at, ip, user_agent, revoked_at) VALUES ('hash-s07', 'u03', '2026-06-20 09:00:00', '2026-06-27 09:00:00', '10.0.0.13', 'Mozilla/5.0', NULL);
INSERT INTO public.jamypg_sessions (token_hash, user_id, created_at, expires_at, ip, user_agent, revoked_at) VALUES ('hash-s08', 'u04', '2026-06-25 10:00:00', '2026-07-02 10:00:00', '10.0.0.14', 'Mozilla/5.0', '2026-06-26 08:00:00');
INSERT INTO public.jamypg_sessions (token_hash, user_id, created_at, expires_at, ip, user_agent, revoked_at) VALUES ('hash-s09', 'u08', '2026-06-28 09:00:00', '2026-07-05 09:00:00', '10.0.0.18', 'Mozilla/5.0', NULL);
INSERT INTO public.jamypg_sessions (token_hash, user_id, created_at, expires_at, ip, user_agent, revoked_at) VALUES ('hash-s10', 'u02', '2026-06-15 08:00:00', '2026-06-22 08:00:00', '10.0.0.12', 'Mozilla/5.0', '2026-06-16 09:00:00');
INSERT INTO public.jamypg_mcp_keys (id, user_id, name, key_hash, key_prefix, created_at, expires_at, last_used_at, revoked_at, rotated_from) VALUES ('k01', 'u01', 'admin-cli', 'hash-k01', 'jmk_a1b2', '2026-02-01 09:00:00', NULL, '2026-07-09 08:00:00', NULL, '');
INSERT INTO public.jamypg_mcp_keys (id, user_id, name, key_hash, key_prefix, created_at, expires_at, last_used_at, revoked_at, rotated_from) VALUES ('k02', 'u02', 'hk-notebook', 'hash-k02', 'jmk_c3d4', '2026-02-10 09:00:00', '2026-12-31 23:59:59', '2026-07-08 17:00:00', NULL, '');
INSERT INTO public.jamypg_mcp_keys (id, user_id, name, key_hash, key_prefix, created_at, expires_at, last_used_at, revoked_at, rotated_from) VALUES ('k03', 'u03', 'mk-batch', 'hash-k03', 'jmk_e5f6', '2026-03-01 09:00:00', '2026-06-30 23:59:59', '2026-06-29 22:00:00', NULL, '');
INSERT INTO public.jamypg_mcp_keys (id, user_id, name, key_hash, key_prefix, created_at, expires_at, last_used_at, revoked_at, rotated_from) VALUES ('k04', 'u04', 'jl-dev', 'hash-k04', 'jmk_g7h8', '2026-03-15 09:00:00', NULL, '2026-07-05 10:00:00', NULL, '');
INSERT INTO public.jamypg_mcp_keys (id, user_id, name, key_hash, key_prefix, created_at, expires_at, last_used_at, revoked_at, rotated_from) VALUES ('k05', 'u05', 'sp-ide', 'hash-k05', 'jmk_i9j0', '2026-04-01 09:00:00', NULL, NULL, '2026-05-01 09:00:00', '');
INSERT INTO public.jamypg_mcp_keys (id, user_id, name, key_hash, key_prefix, created_at, expires_at, last_used_at, revoked_at, rotated_from) VALUES ('k06', 'u02', 'hk-notebook2', 'hash-k06', 'jmk_k1l2', '2026-06-01 09:00:00', NULL, '2026-07-09 09:00:00', NULL, 'k02');
INSERT INTO public.jamypg_mcp_keys (id, user_id, name, key_hash, key_prefix, created_at, expires_at, last_used_at, revoked_at, rotated_from) VALUES ('k07', 'u06', 'yc-cli', 'hash-k07', 'jmk_m3n4', '2026-06-10 09:00:00', NULL, '2026-07-02 11:00:00', NULL, '');
INSERT INTO public.jamypg_db_profiles (id, owner_id, definition, visibility, created_at, updated_at) VALUES ('pg-meta', 'u01', '{"type": "postgres", "connect_string": "postgres-meta:5432/jamypg_meta"}', 'shared', '2026-02-01 09:00:00', '2026-02-01 09:00:00');
INSERT INTO public.jamypg_db_profiles (id, owner_id, definition, visibility, created_at, updated_at) VALUES ('mysql-meta', 'u02', '{"type": "mysql", "connect_string": "mysql-meta:3306/public"}', 'shared', '2026-02-05 09:00:00', '2026-02-05 09:00:00');
INSERT INTO public.jamypg_db_profiles (id, owner_id, definition, visibility, created_at, updated_at) VALUES ('mariadb-meta', 'u02', '{"type": "mariadb", "connect_string": "mariadb-meta:3306/public"}', 'shared', '2026-02-05 09:30:00', '2026-02-05 09:30:00');
INSERT INTO public.jamypg_db_profiles (id, owner_id, definition, visibility, created_at, updated_at) VALUES ('pg-dev', 'u03', '{"type": "postgres", "connect_string": "dev-host:5432/devdb"}', 'private', '2026-03-10 09:00:00', '2026-03-10 09:00:00');
INSERT INTO public.jamypg_profile_grants (profile_id, user_id, permission, granted_by, granted_at) VALUES ('pg-dev', 'u04', 'use', 'u03', '2026-03-11 09:00:00');
INSERT INTO public.jamypg_profile_grants (profile_id, user_id, permission, granted_by, granted_at) VALUES ('pg-dev', 'u05', 'manage', 'u03', '2026-03-12 09:00:00');
INSERT INTO public.jamypg_profile_grants (profile_id, user_id, permission, granted_by, granted_at) VALUES ('pg-meta', 'u03', 'manage', 'u01', '2026-02-02 09:00:00');
INSERT INTO public.jamypg_profile_grants (profile_id, user_id, permission, granted_by, granted_at) VALUES ('mysql-meta', 'u03', 'use', 'u02', '2026-02-06 09:00:00');
INSERT INTO public.jamypg_profile_grants (profile_id, user_id, permission, granted_by, granted_at) VALUES ('mariadb-meta', 'u03', 'use', 'u02', '2026-02-06 09:10:00');
INSERT INTO public.jamypg_settings (`key`, `value`, updated_by, updated_at) VALUES ('allow_origins', 'https://console.example.com', 'u01', '2026-02-01 09:00:00');
INSERT INTO public.jamypg_settings (`key`, `value`, updated_by, updated_at) VALUES ('session_ttl_hours', '168', 'u01', '2026-02-01 09:00:00');
INSERT INTO public.jamypg_settings (`key`, `value`, updated_by, updated_at) VALUES ('default_max_rows', '100', 'u02', '2026-03-01 09:00:00');
INSERT INTO public.jamypg_settings (`key`, `value`, updated_by, updated_at) VALUES ('audit_retention_days', '90', 'u01', '2026-04-01 09:00:00');
INSERT INTO public.jamypg_mcp_activity (id, created_at, user_id, username, session_id, tool, kind, prompt, sql_text, profile, status, row_count, elapsed_ms) VALUES ('a001', '2026-07-01 09:00:00', 'u03', 'mkim', 'sess-u03', 'run_sql_safely', 'call', '활성 사용자 수를 알려줘', 'SELECT COUNT(*) FROM public.jamypg_users WHERE is_active = TRUE', 'pg-meta', 'ok', 10, 120);
INSERT INTO public.jamypg_mcp_activity (id, created_at, user_id, username, session_id, tool, kind, prompt, sql_text, profile, status, row_count, elapsed_ms) VALUES ('a002', '2026-07-01 10:00:00', 'u02', 'hkjang', 'sess-u02', 'run_sql_safely', 'call', '활성 사용자 수를 알려줘', 'SELECT COUNT(*) FROM public.jamypg_users WHERE is_active = TRUE', 'mysql-meta', 'ok', 11, 160);
INSERT INTO public.jamypg_mcp_activity (id, created_at, user_id, username, session_id, tool, kind, prompt, sql_text, profile, status, row_count, elapsed_ms) VALUES ('a003', '2026-07-01 11:00:00', 'u04', 'jlee', 'sess-u04', 'run_sql_safely', 'call', '활성 사용자 수를 알려줘', 'SELECT COUNT(*) FROM public.jamypg_users WHERE is_active = TRUE', 'mariadb-meta', 'ok', 12, 200);
INSERT INTO public.jamypg_mcp_activity (id, created_at, user_id, username, session_id, tool, kind, prompt, sql_text, profile, status, row_count, elapsed_ms) VALUES ('a004', '2026-07-02 09:00:00', 'u03', 'mkim', 'sess-u03', 'run_sql_safely', 'call', '활성 사용자 수를 알려줘', 'SELECT COUNT(*) FROM public.jamypg_users WHERE is_active = TRUE', 'pg-meta', 'ok', 10, 120);
INSERT INTO public.jamypg_mcp_activity (id, created_at, user_id, username, session_id, tool, kind, prompt, sql_text, profile, status, row_count, elapsed_ms) VALUES ('a005', '2026-07-02 10:00:00', 'u02', 'hkjang', 'sess-u02', 'run_sql_safely', 'call', '활성 사용자 수를 알려줘', 'SELECT COUNT(*) FROM public.jamypg_users WHERE is_active = TRUE', 'mysql-meta', 'ok', 12, 160);
INSERT INTO public.jamypg_mcp_activity (id, created_at, user_id, username, session_id, tool, kind, prompt, sql_text, profile, status, row_count, elapsed_ms) VALUES ('a006', '2026-07-02 11:00:00', 'u04', 'jlee', 'sess-u04', 'run_sql_safely', 'call', '활성 사용자 수를 알려줘', 'SELECT COUNT(*) FROM public.jamypg_users WHERE is_active = TRUE', 'mariadb-meta', 'ok', 14, 200);
INSERT INTO public.jamypg_mcp_activity (id, created_at, user_id, username, session_id, tool, kind, prompt, sql_text, profile, status, row_count, elapsed_ms) VALUES ('a007', '2026-07-02 12:00:00', 'u03', 'mkim', 'sess-u03', 'run_sql_safely', 'call', '활성 사용자 수를 알려줘', 'SELECT COUNT(*) FROM public.jamypg_users WHERE is_active = TRUE', 'pg-meta', 'ok', 16, 240);
INSERT INTO public.jamypg_mcp_activity (id, created_at, user_id, username, session_id, tool, kind, prompt, sql_text, profile, status, row_count, elapsed_ms) VALUES ('a008', '2026-07-03 09:00:00', 'u03', 'mkim', 'sess-u03', 'run_sql_safely', 'call', '활성 사용자 수를 알려줘', 'SELECT COUNT(*) FROM public.jamypg_users WHERE is_active = TRUE', 'pg-meta', 'ok', 10, 120);
INSERT INTO public.jamypg_mcp_activity (id, created_at, user_id, username, session_id, tool, kind, prompt, sql_text, profile, status, row_count, elapsed_ms) VALUES ('a009', '2026-07-03 10:00:00', 'u02', 'hkjang', 'sess-u02', 'run_sql_safely', 'call', '활성 사용자 수를 알려줘', 'SELECT COUNT(*) FROM public.jamypg_users WHERE is_active = TRUE', 'mysql-meta', 'ok', 13, 160);
INSERT INTO public.jamypg_mcp_activity (id, created_at, user_id, username, session_id, tool, kind, prompt, sql_text, profile, status, row_count, elapsed_ms) VALUES ('a010', '2026-07-06 09:00:00', 'u03', 'mkim', 'sess-u03', 'run_sql_safely', 'call', '활성 사용자 수를 알려줘', 'SELECT COUNT(*) FROM public.jamypg_users WHERE is_active = TRUE', 'pg-meta', 'ok', 10, 120);
INSERT INTO public.jamypg_mcp_activity (id, created_at, user_id, username, session_id, tool, kind, prompt, sql_text, profile, status, row_count, elapsed_ms) VALUES ('a011', '2026-07-06 10:00:00', 'u02', 'hkjang', 'sess-u02', 'run_sql_safely', 'call', '활성 사용자 수를 알려줘', 'SELECT COUNT(*) FROM public.jamypg_users WHERE is_active = TRUE', 'mysql-meta', 'ok', 16, 160);
INSERT INTO public.jamypg_mcp_activity (id, created_at, user_id, username, session_id, tool, kind, prompt, sql_text, profile, status, row_count, elapsed_ms) VALUES ('a012', '2026-07-06 11:00:00', 'u04', 'jlee', 'sess-u04', 'run_sql_safely', 'call', '활성 사용자 수를 알려줘', 'SELECT COUNT(*) FROM public.jamypg_users WHERE is_active = TRUE', 'mariadb-meta', 'ok', 22, 200);
INSERT INTO public.jamypg_mcp_activity (id, created_at, user_id, username, session_id, tool, kind, prompt, sql_text, profile, status, row_count, elapsed_ms) VALUES ('a013', '2026-07-06 12:00:00', 'u03', 'mkim', 'sess-u03', 'run_sql_safely', 'call', '활성 사용자 수를 알려줘', 'SELECT COUNT(*) FROM public.jamypg_users WHERE is_active = TRUE', 'pg-meta', 'ok', 28, 240);
INSERT INTO public.jamypg_mcp_activity (id, created_at, user_id, username, session_id, tool, kind, prompt, sql_text, profile, status, row_count, elapsed_ms) VALUES ('a014', '2026-07-06 13:00:00', 'u05', 'spark', 'sess-u05', 'run_sql_safely', 'call', '활성 사용자 수를 알려줘', 'SELECT COUNT(*) FROM public.jamypg_users WHERE is_active = TRUE', 'mysql-meta', 'ok', 34, 280);
INSERT INTO public.jamypg_mcp_activity (id, created_at, user_id, username, session_id, tool, kind, prompt, sql_text, profile, status, row_count, elapsed_ms) VALUES ('a015', '2026-07-07 09:00:00', 'u03', 'mkim', 'sess-u03', 'run_sql_safely', 'call', '활성 사용자 수를 알려줘', 'SELECT COUNT(*) FROM public.jamypg_users WHERE is_active = TRUE', 'pg-meta', 'ok', 10, 120);
INSERT INTO public.jamypg_mcp_activity (id, created_at, user_id, username, session_id, tool, kind, prompt, sql_text, profile, status, row_count, elapsed_ms) VALUES ('a016', '2026-07-07 10:00:00', 'u02', 'hkjang', 'sess-u02', 'run_sql_safely', 'call', '활성 사용자 수를 알려줘', 'SELECT COUNT(*) FROM public.jamypg_users WHERE is_active = TRUE', 'mysql-meta', 'ok', 17, 160);
INSERT INTO public.jamypg_mcp_activity (id, created_at, user_id, username, session_id, tool, kind, prompt, sql_text, profile, status, row_count, elapsed_ms) VALUES ('a017', '2026-07-07 11:00:00', 'u04', 'jlee', 'sess-u04', 'run_sql_safely', 'call', '활성 사용자 수를 알려줘', 'SELECT COUNT(*) FROM public.jamypg_users WHERE is_active = TRUE', 'mariadb-meta', 'ok', 24, 200);
INSERT INTO public.jamypg_mcp_activity (id, created_at, user_id, username, session_id, tool, kind, prompt, sql_text, profile, status, row_count, elapsed_ms) VALUES ('a018', '2026-07-07 12:00:00', 'u03', 'mkim', 'sess-u03', 'run_sql_safely', 'call', '활성 사용자 수를 알려줘', 'SELECT COUNT(*) FROM public.jamypg_users WHERE is_active = TRUE', 'pg-meta', 'ok', 31, 240);
INSERT INTO public.jamypg_mcp_activity (id, created_at, user_id, username, session_id, tool, kind, prompt, sql_text, profile, status, row_count, elapsed_ms) VALUES ('a019', '2026-07-08 09:00:00', 'u03', 'mkim', 'sess-u03', 'run_sql_safely', 'call', '활성 사용자 수를 알려줘', 'SELECT COUNT(*) FROM public.jamypg_users WHERE is_active = TRUE', 'pg-meta', 'ok', 10, 120);
INSERT INTO public.jamypg_mcp_activity (id, created_at, user_id, username, session_id, tool, kind, prompt, sql_text, profile, status, row_count, elapsed_ms) VALUES ('a020', '2026-07-08 10:00:00', 'u02', 'hkjang', 'sess-u02', 'run_sql_safely', 'call', '활성 사용자 수를 알려줘', 'SELECT COUNT(*) FROM public.jamypg_users WHERE is_active = TRUE', 'mysql-meta', 'ok', 18, 160);
INSERT INTO public.jamypg_mcp_activity (id, created_at, user_id, username, session_id, tool, kind, prompt, sql_text, profile, status, row_count, elapsed_ms) VALUES ('a021', '2026-07-08 11:00:00', 'u04', 'jlee', 'sess-u04', 'run_sql_safely', 'call', '활성 사용자 수를 알려줘', 'SELECT COUNT(*) FROM public.jamypg_users WHERE is_active = TRUE', 'mariadb-meta', 'ok', 26, 200);
INSERT INTO public.jamypg_mcp_activity (id, created_at, user_id, username, session_id, tool, kind, prompt, sql_text, profile, status, row_count, elapsed_ms) VALUES ('a022', '2026-07-08 12:00:00', 'u03', 'mkim', 'sess-u03', 'run_sql_safely', 'call', '활성 사용자 수를 알려줘', 'SELECT COUNT(*) FROM public.jamypg_users WHERE is_active = TRUE', 'pg-meta', 'ok', 34, 240);
INSERT INTO public.jamypg_mcp_activity (id, created_at, user_id, username, session_id, tool, kind, prompt, sql_text, profile, status, row_count, elapsed_ms) VALUES ('a023', '2026-07-08 13:00:00', 'u05', 'spark', 'sess-u05', 'run_sql_safely', 'call', '활성 사용자 수를 알려줘', 'SELECT COUNT(*) FROM public.jamypg_users WHERE is_active = TRUE', 'mysql-meta', 'ok', 42, 280);
INSERT INTO public.jamypg_mcp_activity (id, created_at, user_id, username, session_id, tool, kind, prompt, sql_text, profile, status, row_count, elapsed_ms) VALUES ('a024', '2026-07-08 14:00:00', 'u03', 'mkim', 'sess-u03', 'run_sql_safely', 'call', '활성 사용자 수를 알려줘', 'SELECT COUNT(*) FROM public.jamypg_users WHERE is_active = TRUE', 'mariadb-meta', 'ok', 50, 320);
INSERT INTO public.jamypg_mcp_activity (id, created_at, user_id, username, session_id, tool, kind, prompt, sql_text, profile, status, row_count, elapsed_ms) VALUES ('a025', '2026-07-09 09:00:00', 'u03', 'mkim', 'sess-u03', 'run_sql_safely', 'call', '활성 사용자 수를 알려줘', 'SELECT COUNT(*) FROM public.jamypg_users WHERE is_active = TRUE', 'pg-meta', 'ok', 10, 120);
INSERT INTO public.jamypg_mcp_activity (id, created_at, user_id, username, session_id, tool, kind, prompt, sql_text, profile, status, row_count, elapsed_ms) VALUES ('a026', '2026-07-09 10:00:00', 'u02', 'hkjang', 'sess-u02', 'run_sql_safely', 'call', '활성 사용자 수를 알려줘', 'SELECT COUNT(*) FROM public.jamypg_users WHERE is_active = TRUE', 'mysql-meta', 'ok', 19, 160);
INSERT INTO public.jamypg_mcp_activity (id, created_at, user_id, username, session_id, tool, kind, prompt, sql_text, profile, status, row_count, elapsed_ms) VALUES ('a027', '2026-07-09 11:00:00', 'u04', 'jlee', 'sess-u04', 'run_sql_safely', 'call', '활성 사용자 수를 알려줘', 'SELECT COUNT(*) FROM public.jamypg_users WHERE is_active = TRUE', 'mariadb-meta', 'ok', 28, 200);
INSERT INTO public.jamypg_mcp_activity (id, created_at, user_id, username, session_id, tool, kind, prompt, sql_text, profile, status, row_count, elapsed_ms) VALUES ('a028', '2026-07-09 12:00:00', 'u03', 'mkim', 'sess-u03', 'run_sql_safely', 'call', '활성 사용자 수를 알려줘', 'SELECT COUNT(*) FROM public.jamypg_users WHERE is_active = TRUE', 'pg-meta', 'ok', 37, 240);
INSERT INTO public.jamypg_mcp_activity (id, created_at, user_id, username, session_id, tool, kind, prompt, sql_text, profile, status, row_count, elapsed_ms) VALUES ('a029', '2026-07-02 14:00:00', 'u04', 'jlee', 'sess-u04', 'run_sql_safely', 'error', '지난달 활동', 'SELECT bad_col FROM public.jamypg_mcp_activity', 'pg-meta', 'error', 0, 5000);
INSERT INTO public.jamypg_mcp_activity (id, created_at, user_id, username, session_id, tool, kind, prompt, sql_text, profile, status, row_count, elapsed_ms) VALUES ('a030', '2026-07-06 14:00:00', 'u04', 'jlee', 'sess-u04', 'run_sql_safely', 'error', '지난달 활동', 'SELECT bad_col FROM public.jamypg_mcp_activity', 'pg-meta', 'error', 0, 5000);
INSERT INTO public.jamypg_mcp_activity (id, created_at, user_id, username, session_id, tool, kind, prompt, sql_text, profile, status, row_count, elapsed_ms) VALUES ('a031', '2026-07-08 14:00:00', 'u04', 'jlee', 'sess-u04', 'run_sql_safely', 'error', '지난달 활동', 'SELECT bad_col FROM public.jamypg_mcp_activity', 'pg-meta', 'error', 0, 5000);
INSERT INTO public.jamypg_mcp_activity (id, created_at, user_id, username, session_id, tool, kind, prompt, sql_text, profile, status, row_count, elapsed_ms) VALUES ('a032', '2026-07-01 10:00:00', 'u03', 'mkim', 'sess-u03', 'search_schema', 'call', '', '', 'pg-meta', 'ok', 0, 35);
INSERT INTO public.jamypg_mcp_activity (id, created_at, user_id, username, session_id, tool, kind, prompt, sql_text, profile, status, row_count, elapsed_ms) VALUES ('a033', '2026-07-01 11:00:00', 'u02', 'hkjang', 'sess-u02', 'validate_sql', 'call', '', '', 'pg-meta', 'ok', 0, 20);
INSERT INTO public.jamypg_mcp_activity (id, created_at, user_id, username, session_id, tool, kind, prompt, sql_text, profile, status, row_count, elapsed_ms) VALUES ('a034', '2026-07-02 10:00:00', 'u03', 'mkim', 'sess-u03', 'search_schema', 'call', '', '', 'pg-meta', 'ok', 0, 35);
INSERT INTO public.jamypg_mcp_activity (id, created_at, user_id, username, session_id, tool, kind, prompt, sql_text, profile, status, row_count, elapsed_ms) VALUES ('a035', '2026-07-02 11:00:00', 'u02', 'hkjang', 'sess-u02', 'validate_sql', 'call', '', '', 'pg-meta', 'ok', 0, 20);
INSERT INTO public.jamypg_mcp_activity (id, created_at, user_id, username, session_id, tool, kind, prompt, sql_text, profile, status, row_count, elapsed_ms) VALUES ('a036', '2026-07-03 10:00:00', 'u03', 'mkim', 'sess-u03', 'search_schema', 'call', '', '', 'pg-meta', 'ok', 0, 35);
INSERT INTO public.jamypg_mcp_activity (id, created_at, user_id, username, session_id, tool, kind, prompt, sql_text, profile, status, row_count, elapsed_ms) VALUES ('a037', '2026-07-03 11:00:00', 'u02', 'hkjang', 'sess-u02', 'validate_sql', 'call', '', '', 'pg-meta', 'ok', 0, 20);
INSERT INTO public.jamypg_mcp_activity (id, created_at, user_id, username, session_id, tool, kind, prompt, sql_text, profile, status, row_count, elapsed_ms) VALUES ('a038', '2026-07-06 10:00:00', 'u03', 'mkim', 'sess-u03', 'search_schema', 'call', '', '', 'pg-meta', 'ok', 0, 35);
INSERT INTO public.jamypg_mcp_activity (id, created_at, user_id, username, session_id, tool, kind, prompt, sql_text, profile, status, row_count, elapsed_ms) VALUES ('a039', '2026-07-06 11:00:00', 'u02', 'hkjang', 'sess-u02', 'validate_sql', 'call', '', '', 'pg-meta', 'ok', 0, 20);
INSERT INTO public.jamypg_mcp_activity (id, created_at, user_id, username, session_id, tool, kind, prompt, sql_text, profile, status, row_count, elapsed_ms) VALUES ('a040', '2026-07-07 10:00:00', 'u03', 'mkim', 'sess-u03', 'search_schema', 'call', '', '', 'pg-meta', 'ok', 0, 35);
INSERT INTO public.jamypg_mcp_activity (id, created_at, user_id, username, session_id, tool, kind, prompt, sql_text, profile, status, row_count, elapsed_ms) VALUES ('a041', '2026-07-07 11:00:00', 'u02', 'hkjang', 'sess-u02', 'validate_sql', 'call', '', '', 'pg-meta', 'ok', 0, 20);
INSERT INTO public.jamypg_mcp_activity (id, created_at, user_id, username, session_id, tool, kind, prompt, sql_text, profile, status, row_count, elapsed_ms) VALUES ('a042', '2026-07-08 10:00:00', 'u03', 'mkim', 'sess-u03', 'search_schema', 'call', '', '', 'pg-meta', 'ok', 0, 35);
INSERT INTO public.jamypg_mcp_activity (id, created_at, user_id, username, session_id, tool, kind, prompt, sql_text, profile, status, row_count, elapsed_ms) VALUES ('a043', '2026-07-08 11:00:00', 'u02', 'hkjang', 'sess-u02', 'validate_sql', 'call', '', '', 'pg-meta', 'ok', 0, 20);
INSERT INTO public.jamypg_mcp_activity (id, created_at, user_id, username, session_id, tool, kind, prompt, sql_text, profile, status, row_count, elapsed_ms) VALUES ('a044', '2026-07-09 10:00:00', 'u03', 'mkim', 'sess-u03', 'search_schema', 'call', '', '', 'pg-meta', 'ok', 0, 35);
INSERT INTO public.jamypg_mcp_activity (id, created_at, user_id, username, session_id, tool, kind, prompt, sql_text, profile, status, row_count, elapsed_ms) VALUES ('a045', '2026-07-09 11:00:00', 'u02', 'hkjang', 'sess-u02', 'validate_sql', 'call', '', '', 'pg-meta', 'ok', 0, 20);
INSERT INTO public.jamypg_mcp_activity (id, created_at, user_id, username, session_id, tool, kind, prompt, sql_text, profile, status, row_count, elapsed_ms) VALUES ('a046', '2026-07-06 13:00:00', 'u05', 'spark', 'sess-u05', 'analyze_question', 'call', '', '', 'pg-meta', 'ok', 0, 15);
INSERT INTO public.jamypg_mcp_activity (id, created_at, user_id, username, session_id, tool, kind, prompt, sql_text, profile, status, row_count, elapsed_ms) VALUES ('a047', '2026-07-06 15:00:00', 'u06', 'ychoi', 'sess-u06', 'explain_sql', 'call', '', '', 'mysql-meta', 'ok', 0, 80);
INSERT INTO public.jamypg_mcp_activity (id, created_at, user_id, username, session_id, tool, kind, prompt, sql_text, profile, status, row_count, elapsed_ms) VALUES ('a048', '2026-07-07 13:00:00', 'u05', 'spark', 'sess-u05', 'analyze_question', 'call', '', '', 'pg-meta', 'ok', 0, 15);
INSERT INTO public.jamypg_mcp_activity (id, created_at, user_id, username, session_id, tool, kind, prompt, sql_text, profile, status, row_count, elapsed_ms) VALUES ('a049', '2026-07-07 15:00:00', 'u06', 'ychoi', 'sess-u06', 'explain_sql', 'call', '', '', 'mysql-meta', 'ok', 0, 80);
INSERT INTO public.jamypg_mcp_activity (id, created_at, user_id, username, session_id, tool, kind, prompt, sql_text, profile, status, row_count, elapsed_ms) VALUES ('a050', '2026-07-08 13:00:00', 'u05', 'spark', 'sess-u05', 'analyze_question', 'call', '', '', 'pg-meta', 'ok', 0, 15);
INSERT INTO public.jamypg_mcp_activity (id, created_at, user_id, username, session_id, tool, kind, prompt, sql_text, profile, status, row_count, elapsed_ms) VALUES ('a051', '2026-07-08 15:00:00', 'u06', 'ychoi', 'sess-u06', 'explain_sql', 'call', '', '', 'mysql-meta', 'ok', 0, 80);


CREATE USER IF NOT EXISTS 'jamypg_ro'@'%' IDENTIFIED BY 'jamypg_ro_pw';
GRANT SELECT ON public.* TO 'jamypg_ro'@'%';
FLUSH PRIVILEGES;

